{"train_loss": 4.612741470336914, "_timestamp": 1719097727.423105, "_runtime": 123.39162802696228, "_step": 24, "val_loss": 3.5932295322418213, "train_KL": 3.2752928733825684, "val_KL": 2.3352720737457275, "train_fpr": 100.0, "train_fnr": 0.0, "train_sens: tp/p %": 100.0, "train_spec: tn/n %": 0.0, "train_accuracy %": 5.362318992614746, "train_precision %": 5.362318992614746, "train_MAE_p": 0.24507683515548706, "train_MAE_n": 0.01388506405055523, "train_MAE": 0.026282304897904396, "val_fpr": 100.0, "val_fnr": 0.0, "val_sens: tp/p %": 100.0, "val_spec: tn/n %": 0.0, "val_accuracy %": 5.331734657287598, "val_precision %": 5.331734657287598, "val_MAE_p": 0.22762565314769745, "val_MAE_n": 0.012768450193107128, "val_MAE": 0.024224065244197845, "validation_score": -1.866449110507965, "_wandb": {"runtime": 122}}