"","ncalls","callable.sens","callable.bp","callable.burden","rate.per.gb","burden","somatic.sens","pre.genotyping.burden","unsupported.filters"
"1",3,0.106897581367572,321611127,28.0642458100559,43.6307133895524,255.021569239163,0.0117637108459111,746,FALSE
"2",8,0.310431814809319,1166505434,25.7705544933078,11.0460499120606,64.5641742622148,0.123907725784729,746,FALSE
"4",10,0.466724537037037,1108104432,21.4259144451333,9.66782273691569,56.5084348605832,0.176964731454195,746,FALSE
