"","ncalls","callable.sens","callable.bp","callable.burden","rate.per.gb","burden","somatic.sens","pre.genotyping.burden","unsupported.filters"
"1",43,0.114851716354013,559130086,374.395798034565,334.802050013961,1956.91836199713,0.021973323381828,1203,FALSE
"2",197,0.309487200797872,1267791017,636.536824437731,251.041700052419,1467.33902148768,0.134256635389052,1203,FALSE
"4",140,0.408932714617169,753400303,342.354609929078,227.206312876329,1328.0211564141,0.105420007297192,1203,FALSE
