"","ncalls","callable.sens","callable.bp","callable.burden","rate.per.gb","burden","somatic.sens","pre.genotyping.burden","unsupported.filters"
"1",85,0.151957492774356,622407548,559.366954851105,449.357464131448,2626.49488741968,0.0323625225417841,1523,FALSE
"2",353,0.345291846616935,1211101724,1022.32358933055,422.063468770421,2466.96145358308,0.14309100755802,1523,FALSE
"4",227,0.431299502238362,693734728,526.316396893373,379.335483471265,2217.21633105598,0.102380627826193,1523,FALSE
