"","snv.ncalls","snv.callable.sens","snv.callable.bp","snv.callable.burden","snv.rate.per.gb","snv.burden","snv.somatic.sens","snv.pre.genotyping.burden","snv.unsupported.filters","indel.ncalls","indel.callable.sens","indel.callable.bp","indel.callable.burden","indel.rate.per.gb","indel.burden","indel.somatic.sens","indel.pre.genotyping.burden","indel.unsupported.filters"
"1",43,0.114842777085928,576953595,374.424940698068,324.484450693187,1896.61198226704,0.0226720069271109,1203,FALSE,0,0,342074708,NA,NA,NA,NA,644,FALSE
"2",197,0.309487200797872,1267791017,636.536824437731,251.041700052419,1467.33902148768,0.134256635389052,1203,FALSE,5,0.162981774723633,1138955355,30.6782768102658,13.467725787314,78.7188724992516,0.0635171699143371,644,FALSE
"4",140,0.408932714617169,753400303,342.354609929078,227.206312876329,1328.0211564141,0.105420007297192,1203,FALSE,11,0.346689895470383,1117114852,31.7286432160804,14.2011553956497,83.0057693916826,0.132520908855068,644,FALSE
