"","snv.ncalls","snv.callable.sens","snv.callable.bp","snv.callable.burden","snv.rate.per.gb","snv.burden","snv.somatic.sens","snv.pre.genotyping.burden","snv.unsupported.filters","indel.ncalls","indel.callable.sens","indel.callable.bp","indel.callable.burden","indel.rate.per.gb","indel.burden","indel.somatic.sens","indel.pre.genotyping.burden","indel.unsupported.filters"
"1",106,0.191841697061166,552987241,552.538898601399,499.594617772925,2920.13110742304,0.0362997400118596,1699,FALSE,0,0,292753077,NA,NA,NA,NA,517,FALSE
"2",327,0.364034818228367,1296967381,898.265725216608,346.294647951755,2024.09260997614,0.16155387277653,1699,FALSE,11,0.289865244244806,1200322348,37.9486682808717,15.8076988002858,92.3960174136009,0.11905275040979,517,FALSE
"4",208,0.484094899750909,751974191,429.667819485449,285.693195742571,1669.87705309141,0.124560068428351,1699,FALSE,15,0.46241528034504,1108853388,32.4383744170553,14.6269898113236,85.4947720341929,0.175449324480342,517,FALSE
