"","snv.ncalls","snv.callable.sens","snv.callable.bp","snv.callable.burden","snv.rate.per.gb","snv.burden","snv.somatic.sens","snv.pre.genotyping.burden","snv.unsupported.filters","indel.ncalls","indel.callable.sens","indel.callable.bp","indel.callable.burden","indel.rate.per.gb","indel.burden","indel.somatic.sens","indel.pre.genotyping.burden","indel.unsupported.filters"
"1",160,0.151947249124253,591667797,1052.99701654462,889.854933700757,5201.20309657642,0.0307621135012621,3088,FALSE,0,0,373217122,NA,NA,NA,NA,445,FALSE
"2",629,0.330386879202363,1276755062,1903.82863120522,745.573167426073,4357.87600908537,0.144336369068016,3088,FALSE,25,0.248891516405557,1161850209,100.445368171021,43.2264707588573,252.658770604339,0.0989476832338023,445,FALSE
"4",548,0.46948414654181,733505954,1167.23856180562,795.657182767474,4650.61713555113,0.117833823775962,3088,FALSE,21,0.436500754147813,1066861482,48.1098825155494,22.5473893880581,131.789516541939,0.159344996104582,445,FALSE
