"","snv.ncalls","snv.callable.sens","snv.callable.bp","snv.callable.burden","snv.rate.per.gb","snv.burden","snv.somatic.sens","snv.pre.genotyping.burden","snv.unsupported.filters","indel.ncalls","indel.callable.sens","indel.callable.bp","indel.callable.burden","indel.rate.per.gb","indel.burden","indel.somatic.sens","indel.pre.genotyping.burden","indel.unsupported.filters"
"1",111,0.152231404958678,554733866,729.153094462541,657.209825425135,3841.39217488586,0.0288957739659316,2000,FALSE,0,0,331082658,NA,NA,NA,NA,484,FALSE
"2",360,0.345349309504468,1314520288,1042.42281681858,396.503129824111,2317.56124345648,0.155335700843481,2000,FALSE,14,0.280706965691371,1160235746,49.8740740740741,21.4930776982259,125.62706351928,0.111440955537828,484,FALSE
"4",236,0.452745122824759,732674659,521.264588180549,355.727185168383,2079.22580070382,0.113503785841881,2000,FALSE,12,0.412099430967356,1110610409,29.1191860465116,13.1095412984337,76.6252837555647,0.156606271609775,484,FALSE
