"","snv.ncalls","snv.callable.sens","snv.callable.bp","snv.callable.burden","snv.rate.per.gb","snv.burden","snv.somatic.sens","snv.pre.genotyping.burden","snv.unsupported.filters","indel.ncalls","indel.callable.sens","indel.callable.bp","indel.callable.burden","indel.rate.per.gb","indel.burden","indel.somatic.sens","indel.pre.genotyping.burden","indel.unsupported.filters"
"1",91,0.143694632621157,551370167,633.28739800544,574.285149894082,3356.69735237027,0.0271099805693659,1782,FALSE,0,0.0154990700557967,403409337,0,0,0,NA,434,FALSE
"2",365,0.347057398885929,1319070638,1051.69923237962,398.651596844817,2330.11903562887,0.15664435782848,1782,FALSE,14,0.295811518324607,1142572298,47.3274336283186,20.7109141851077,121.055316898131,0.115649608449508,434,FALSE
"4",182,0.450914361225969,721676855,403.624314615239,279.643383197622,1634.5158919057,0.111347953789427,1782,FALSE,14,0.468554396423249,1046136025,29.8791348600509,14.2807121378173,83.4707786398697,0.167723366525695,434,FALSE
