"","snv.ncalls","snv.callable.sens","snv.callable.bp","snv.callable.burden","snv.rate.per.gb","snv.burden","snv.somatic.sens","snv.pre.genotyping.burden","snv.unsupported.filters","indel.ncalls","indel.callable.sens","indel.callable.bp","indel.callable.burden","indel.rate.per.gb","indel.burden","indel.somatic.sens","indel.pre.genotyping.burden","indel.unsupported.filters"
"1",68,0.0917962289116771,617008268,740.771171171171,600.292742893334,3508.71176294351,0.0193803323254327,2511,FALSE,0,0,398882344,NA,NA,NA,NA,431,FALSE
"2",413,0.292847903988465,1269804200,1410.28839330968,555.317265964973,3245.83004929505,0.127240180085737,2511,FALSE,12,0.21996359223301,1248939475,54.5544827586207,21.8403228701778,127.656711943115,0.0940021078198166,431,FALSE
"4",407,0.414921355875179,705305192,980.908777620109,695.378957043116,4064.49079247675,0.100135544839552,2511,FALSE,11,0.375915616759449,944295841,29.2618862042089,15.494024718578,90.5625920503127,0.121462954526399,431,FALSE
