"","snv.ncalls","snv.callable.sens","snv.callable.bp","snv.callable.burden","snv.rate.per.gb","snv.burden","snv.somatic.sens","snv.pre.genotyping.burden","snv.unsupported.filters","indel.ncalls","indel.callable.sens","indel.callable.bp","indel.callable.burden","indel.rate.per.gb","indel.burden","indel.somatic.sens","indel.pre.genotyping.burden","indel.unsupported.filters"
"1",64,0.105910572605941,623182937,604.283391405343,484.83627802324,2833.86859485018,0.0225839688249143,2236,FALSE,0,0,472042929,NA,NA,NA,NA,426,FALSE
"2",445,0.330423966436869,1259735782,1346.75460983858,534.538523507057,3124.37827606543,0.142428336353815,2236,FALSE,12,0.243027888446215,1207941961,49.3770491803279,20.438502334769,119.463069323986,0.100449453273762,426,FALSE
"4",358,0.435678308975312,709198941,821.707192267602,579.320656562854,3386.12989455951,0.105725418441625,2236,FALSE,6,0.402777777777778,912132770,14.8965517241379,8.16578036338829,47.7289954839995,0.125709748113417,426,FALSE
