"","snv.ncalls","snv.callable.sens","snv.callable.bp","snv.callable.burden","snv.rate.per.gb","snv.burden","snv.somatic.sens","snv.pre.genotyping.burden","snv.unsupported.filters","indel.ncalls","indel.callable.sens","indel.callable.bp","indel.callable.burden","indel.rate.per.gb","indel.burden","indel.somatic.sens","indel.pre.genotyping.burden","indel.unsupported.filters"
"1",101,0.201039911694649,601857022,502.387805230458,417.364745169043,2439.49740880468,0.0414019706007758,1380,FALSE,1,0.017548019919374,361760228,56.9864864864865,78.762785507873,460.368570610517,0.00217217261090142,565,FALSE
"2",315,0.346882518841919,1253421360,908.088424437299,362.243876407731,2117.31586838774,0.148773267467107,1380,FALSE,18,0.263345633456335,1172675055,68.3512377393741,29.1432982427405,170.342611277318,0.105669391029212,565,FALSE
"4",238,0.509190564152257,738981449,467.408504311627,316.251852427507,1848.49243606838,0.128753569858371,1380,FALSE,18,0.405699106496015,1059824548,44.3678571428571,20.9316991319855,122.345805163002,0.147123965353928,565,FALSE
