"","snv.ncalls","snv.callable.sens","snv.callable.bp","snv.callable.burden","snv.rate.per.gb","snv.burden","snv.somatic.sens","snv.pre.genotyping.burden","snv.unsupported.filters","indel.ncalls","indel.callable.sens","indel.callable.bp","indel.callable.burden","indel.rate.per.gb","indel.burden","indel.somatic.sens","indel.pre.genotyping.burden","indel.unsupported.filters"
"1",70,0.135408635312259,630110373,516.953736654804,410.208876735,2397.67134969294,0.029194993721289,1523,FALSE,0,0,452618361,NA,NA,NA,NA,783,FALSE
"2",368,0.343890064741036,1270414730,1070.109426619,421.165388494432,2461.71217335151,0.14948945046609,1523,FALSE,93,0.240617283950617,1185781476,386.505900461775,162.975180623321,952.590115557163,0.0976285586856052,783,FALSE
"4",227,0.431299502238362,693734728,526.316396893373,379.335483471265,2217.21633105598,0.102380627826193,1523,FALSE,69,0.366690838772057,955859994,188.169413315755,98.4293800854243,575.319838218222,0.11993328826222,783,FALSE
