"","snv.ncalls","snv.callable.sens","snv.callable.bp","snv.callable.burden","snv.rate.per.gb","snv.burden","snv.somatic.sens","snv.pre.genotyping.burden","snv.unsupported.filters","indel.ncalls","indel.callable.sens","indel.callable.bp","indel.callable.burden","indel.rate.per.gb","indel.burden","indel.somatic.sens","indel.pre.genotyping.burden","indel.unsupported.filters"
"1",43,0.0624277038750723,643057764,688.796757382745,535.563674014474,3130.3702819438,0.0137363941409829,1421,FALSE,0,0,508918777,NA,NA,NA,NA,738,FALSE
"2",283,0.328123525897041,1246257658,862.480065171555,346.027990133143,2022.53399472396,0.139923482491885,1421,FALSE,72,0.2083645443196,1146619550,345.548232474536,150.681292881556,880.73232776528,0.0817501501082499,738,FALSE
"4",147,0.406641179009681,704944409,361.498066570627,256.401825417291,1498.66896032374,0.0980870384933078,1421,FALSE,72,0.377290260366442,938721504,190.834504792332,101.645964207257,594.120776057939,0.121187480561997,738,FALSE
