"","snv.ncalls","snv.callable.sens","snv.callable.bp","snv.callable.burden","snv.rate.per.gb","snv.burden","snv.somatic.sens","snv.pre.genotyping.burden","snv.unsupported.filters","indel.ncalls","indel.callable.sens","indel.callable.bp","indel.callable.burden","indel.rate.per.gb","indel.burden","indel.somatic.sens","indel.pre.genotyping.burden","indel.unsupported.filters"
"1",76,0.0668569967615476,602802306,1136.75462077757,942.891732051175,5511.20324307834,0.0137900920448634,3133,FALSE,0,0,407565884,NA,NA,NA,NA,441,FALSE
"2",683,0.271462497110313,1253013903,2516.00131609507,1003.97980823325,5868.26311763644,0.116388782559411,3133,FALSE,20,0.208031400966184,1187390741,96.1393323657474,40.483443674481,236.625774185566,0.0845216463372905,441,FALSE
"4",304,0.360053739364084,736477096,844.318407960199,573.214301263348,3350.43824090929,0.0907343989476124,3133,FALSE,8,0.363991584009618,997336680,21.9785301403798,11.0186111576583,64.403794711618,0.124216283152596,441,FALSE
