"","snv.ncalls","snv.callable.sens","snv.callable.bp","snv.callable.burden","snv.rate.per.gb","snv.burden","snv.somatic.sens","snv.pre.genotyping.burden","snv.unsupported.filters","indel.ncalls","indel.callable.sens","indel.callable.bp","indel.callable.burden","indel.rate.per.gb","indel.burden","indel.somatic.sens","indel.pre.genotyping.burden","indel.unsupported.filters"
"1",906,0.176191837901875,592113283,5142.12242058892,4342.17789756029,25380.0347352696,0.0356973506715091,13352,FALSE,0,0,381084463,NA,NA,NA,NA,566,FALSE
"2",3185,0.368910978666049,1251481466,8633.51915282297,3449.31962133548,20161.2770982343,0.157976103620883,13352,FALSE,45,0.277906438165818,1180988557,161.925,68.5548556081395,400.703208770782,0.112302569620155,566,FALSE
"4",2048,0.485460878017172,748698556,4218.6715608576,2817.33651484269,16467.3351241152,0.124367420992171,13352,FALSE,58,0.428614277144571,1030220285,135.319804058782,65.6751793907758,383.871498014738,0.151092228258565,566,FALSE
