"","snv.ncalls","snv.callable.sens","snv.callable.bp","snv.callable.burden","snv.rate.per.gb","snv.burden","snv.somatic.sens","snv.pre.genotyping.burden","snv.unsupported.filters","indel.ncalls","indel.callable.sens","indel.callable.bp","indel.callable.burden","indel.rate.per.gb","indel.burden","indel.somatic.sens","indel.pre.genotyping.burden","indel.unsupported.filters"
"1",132,0.13624263582806,591199900,968.859705317104,819.401107237251,4789.40040100259,0.0275608612661342,1983,FALSE,0,0,439692795,NA,NA,NA,NA,736,FALSE
"2",374,0.314446177847114,1265227268,1189.3927366541,470.031261077001,2747.33325401052,0.13613201072496,1983,FALSE,100,0.275577043044292,1155832205,362.87492925863,156.975609300759,917.52261437328,0.108989139268579,736,FALSE
"4",181,0.413206623705033,735866137,438.037508636857,297.63396262713,1739.67084907249,0.104042669966276,1983,FALSE,49,0.373432835820896,996768305,131.215027977618,65.820224880454,384.719289066389,0.127365591985029,736,FALSE
