"","snv.ncalls","snv.callable.sens","snv.callable.bp","snv.callable.burden","snv.rate.per.gb","snv.burden","snv.somatic.sens","snv.pre.genotyping.burden","snv.unsupported.filters","indel.ncalls","indel.callable.sens","indel.callable.bp","indel.callable.burden","indel.rate.per.gb","indel.burden","indel.somatic.sens","indel.pre.genotyping.burden","indel.unsupported.filters"
"1",30,0.206127419561595,564048152,145.541044776119,129.014734167695,754.091267512887,0.039782982899331,638,FALSE,0,0.0876350540216086,375608782,0,0,0,NA,549,FALSE
"2",69,0.347626841243863,1311391241,198.488700564972,75.6786740521518,442.341935654444,0.155987923455448,638,FALSE,4,0.310287443267776,1160440160,12.8912725499756,5.55447535958064,32.4659147755239,0.12320613873525,549,FALSE
"4",28,0.477575607542188,718747483,58.6294600431965,40.7858541629123,238.393363833381,0.117452933881037,638,FALSE,2,0.449557522123894,1058137934,4.4488188976378,2.10219232988853,12.2873165520846,0.162769469763575,549,FALSE
