"","snv.ncalls","snv.callable.sens","snv.callable.bp","snv.callable.burden","snv.rate.per.gb","snv.burden","snv.somatic.sens","snv.pre.genotyping.burden","snv.unsupported.filters","indel.ncalls","indel.callable.sens","indel.callable.bp","indel.callable.burden","indel.rate.per.gb","indel.burden","indel.somatic.sens","indel.pre.genotyping.burden","indel.unsupported.filters"
"1",14,0.269456793908733,586950612,51.9563815664707,44.259585478097,258.697327309847,0.0541172966322606,390,FALSE,0,0.0863914373088685,472200512,0,0,0,NA,429,FALSE
"2",37,0.399515441469623,1272783773,92.6121900667844,36.3817452859624,212.651342453349,0.173993728763395,390,FALSE,3,0.347927397596272,1120979893,8.62248854423687,3.8459603950438,22.4796428703501,0.133454077420282,429,FALSE
"4",21,0.557742622452084,732300238,37.651775486827,25.7078815033971,150.262596540094,0.139755338211507,390,FALSE,0,0.484382394699479,998462764,0,0,0,NA,429,FALSE
