"","snv.ncalls","snv.callable.sens","snv.callable.bp","snv.callable.burden","snv.rate.per.gb","snv.burden","snv.somatic.sens","snv.pre.genotyping.burden","snv.unsupported.filters","indel.ncalls","indel.callable.sens","indel.callable.bp","indel.callable.burden","indel.rate.per.gb","indel.burden","indel.somatic.sens","indel.pre.genotyping.burden","indel.unsupported.filters"
"1",14,0.274192559906846,543399778,51.0590075994636,46.9810714566243,274.604415940504,0.0509824284946432,477,FALSE,1,0.202143569292124,308621579,4.94697903822441,8.01463568142851,46.8455546465465,0.021346742664167,748,FALSE
"2",21,0.472962634268752,1306857338,44.4009705596894,16.9876884295726,99.2930581348908,0.211495147742063,477,FALSE,0,0.420267366913344,1195267473,0,0,0,NA,748,FALSE
"4",14,0.564404538605824,741777507,24.8049032961046,16.719907965681,97.7278810197811,0.143254922279204,477,FALSE,1,0.589332074581072,1088145571,1.69683620344413,0.779691729060088,4.55729904052663,0.219428216385915,748,FALSE
