"","snv.ncalls","snv.callable.sens","snv.callable.bp","snv.callable.burden","snv.rate.per.gb","snv.burden","snv.somatic.sens","snv.pre.genotyping.burden","snv.unsupported.filters","indel.ncalls","indel.callable.sens","indel.callable.bp","indel.callable.burden","indel.rate.per.gb","indel.burden","indel.somatic.sens","indel.pre.genotyping.burden","indel.unsupported.filters"
"1",47,0.286249794035261,532921997,164.192257878831,154.049052960026,900.416889242977,0.0521980435523762,698,FALSE,2,0.146518105849582,274618860,13.6501901140684,24.8529727966762,145.265654179843,0.0137678793469235,887,FALSE
"2",112,0.499280057595392,1323550592,224.322999279019,84.7428880448189,495.322276720401,0.226115410640458,698,FALSE,12,0.416666666666667,1156451117,28.8,12.4518881847386,72.781300560238,0.164877515345691,887,FALSE
"4",61,0.644161707367125,748736834,94.696718700223,63.2376520027216,369.624147667405,0.165032507710749,698,FALSE,5,0.529816513761468,1174139446,9.43722943722944,4.01878561757708,23.4898064920409,0.212858288198081,887,FALSE
