"","snv.ncalls","snv.callable.sens","snv.callable.bp","snv.callable.burden","snv.rate.per.gb","snv.burden","snv.somatic.sens","snv.pre.genotyping.burden","snv.unsupported.filters","indel.ncalls","indel.callable.sens","indel.callable.bp","indel.callable.burden","indel.rate.per.gb","indel.burden","indel.somatic.sens","indel.pre.genotyping.burden","indel.unsupported.filters"
"1",54,0.230548628428928,564794639,234.223904813413,207.353158688014,1211.97944766992,0.0445552109846558,870,FALSE,2,0.0730304772857964,335350651,27.3858267716535,40.8316290575108,238.660918144218,0.00838009011090554,548,FALSE
"2",135,0.351070088244244,1301052139,384.538599329712,147.779857471843,863.773434505279,0.156290983963081,870,FALSE,5,0.303347588851202,1152777780,16.4827418570734,7.14914103266,41.7867374430236,0.119655189803165,548,FALSE
"4",94,0.477041024386265,739362645,197.04804240041,133.255340753934,778.877617818303,0.120686482509667,870,FALSE,7,0.408688196627608,1117080992,17.127972027972,7.66639668503644,44.8100973177318,0.156214791286116,548,FALSE
