"","snv.ncalls","snv.callable.sens","snv.callable.bp","snv.callable.burden","snv.rate.per.gb","snv.burden","snv.somatic.sens","snv.pre.genotyping.burden","snv.unsupported.filters","indel.ncalls","indel.callable.sens","indel.callable.bp","indel.callable.burden","indel.rate.per.gb","indel.burden","indel.somatic.sens","indel.pre.genotyping.burden","indel.unsupported.filters"
"1",68,0.231082050873136,561207399,294.267770876467,262.173816133585,1532.40625260591,0.044374655796636,1015,FALSE,0,0.100542702085119,288729185,0,0,0,NA,748,FALSE
"2",180,0.417578866583189,1319795338,431.056297156123,163.304220262416,954.513352620806,0.188577770552684,1015,FALSE,11,0.342996555683123,1180069454,32.0702928870293,13.5883073569623,79.423671910585,0.138497751808602,748,FALSE
"4",146,0.580242272347536,724206686,251.619033906846,173.720457689095,1015.39627219176,0.143786228094825,1015,FALSE,11,0.486225087924971,1136410784,22.6232670283303,9.95382450908276,58.1801155432258,0.189068032905974,748,FALSE
