"","snv.ncalls","snv.callable.sens","snv.callable.bp","snv.callable.burden","snv.rate.per.gb","snv.burden","snv.somatic.sens","snv.pre.genotyping.burden","snv.unsupported.filters","indel.ncalls","indel.callable.sens","indel.callable.bp","indel.callable.burden","indel.rate.per.gb","indel.burden","indel.somatic.sens","indel.pre.genotyping.burden","indel.unsupported.filters"
"1",141,0.217598196769211,559514252,647.983310953386,579.05880738261,3384.59938580404,0.0416592878292756,1738,FALSE,3,0.0792590343152141,327154551,37.8505747126437,57.8481555536173,338.122534810702,0.00887252309781586,717,FALSE
"2",433,0.383917384099268,1315294112,1127.84681791862,428.743201854544,2506.0045010346,0.172785004903717,1738,FALSE,24,0.33033608490566,1202688492,72.6532797858099,30.2045293810835,176.545508484369,0.135942285963763,717,FALSE
"4",280,0.536031224322103,722035984,522.357630106538,361.725482996522,2114.28585831137,0.132432423411104,1738,FALSE,16,0.463717837525296,1067001305,34.5037406483791,16.1685559739681,94.5052280029861,0.16930280300995,717,FALSE
