"","snv.ncalls","snv.callable.sens","snv.callable.bp","snv.callable.burden","snv.rate.per.gb","snv.burden","snv.somatic.sens","snv.pre.genotyping.burden","snv.unsupported.filters","indel.ncalls","indel.callable.sens","indel.callable.bp","indel.callable.burden","indel.rate.per.gb","indel.burden","indel.somatic.sens","indel.pre.genotyping.burden","indel.unsupported.filters"
"1",82,0.11166934882443,627452094,734.31072056239,585.152816911621,3420.21887841172,0.023975073793546,2055,FALSE,0,0,375258177,NA,NA,NA,NA,906,FALSE
"2",287,0.260977683315622,1271153477,1099.71088850884,432.564166486104,2528.33804363904,0.113513302037302,2055,FALSE,31,0.142265193370166,1206939426,217.902912621359,90.2708569822456,527.633261428378,0.0587529298590438,906,FALSE
"4",159,0.339733742959549,697744309,468.013564431047,335.376124458686,1960.27382777754,0.0811111171036068,2055,FALSE,70,0.303426791277259,1014152277,230.698151950719,113.739404418218,664.806947804967,0.105293725089852,906,FALSE
