"","snv.ncalls","snv.callable.sens","snv.callable.bp","snv.callable.burden","snv.rate.per.gb","snv.burden","snv.somatic.sens","snv.pre.genotyping.burden","snv.unsupported.filters","indel.ncalls","indel.callable.sens","indel.callable.bp","indel.callable.burden","indel.rate.per.gb","indel.burden","indel.somatic.sens","indel.pre.genotyping.burden","indel.unsupported.filters"
"1",86,0.136725293132328,602424668,628.998468606432,522.05570423822,3051.41618328357,0.0281836350187595,1665,FALSE,0,0,346413446,NA,NA,NA,NA,541,FALSE
"2",348,0.315438340456583,1292259866,1103.22670191672,426.859461840132,2494.9940385142,0.139479291183893,1665,FALSE,30,0.194452470384282,1243582020,154.279346210996,62.0302254816275,362.566738282388,0.0827433871681694,541,FALSE
"4",186,0.417114790193505,701665346,445.92041417115,317.758612929382,1857.29945291051,0.100145401813653,1665,FALSE,19,0.37121906507791,1006354414,51.1827160493827,25.4297667587826,148.63701554244,0.127828185534141,541,FALSE
