"","snv.ncalls","snv.callable.sens","snv.callable.bp","snv.callable.burden","snv.rate.per.gb","snv.burden","snv.somatic.sens","snv.pre.genotyping.burden","snv.unsupported.filters","indel.ncalls","indel.callable.sens","indel.callable.bp","indel.callable.burden","indel.rate.per.gb","indel.burden","indel.somatic.sens","indel.pre.genotyping.burden","indel.unsupported.filters"
"1",113,0.230545336944658,577285801,490.142205856567,424.523004902875,2481.33744506639,0.0455399567780175,1257,FALSE,5,0.0767994858611825,330915788,65.1046025104603,98.3703480936066,574.974796159105,0.00869603334511451,709,FALSE
"2",248,0.364146576268409,1274407616,681.044436944538,267.20039506753,1561.78661217496,0.158792499606993,1257,FALSE,26,0.310099985509346,1198500953,83.8439252336449,34.9786643989614,204.450333077735,0.127170250146349,709,FALSE
"4",131,0.460195725983623,744527576,284.66148771808,191.169203730125,1117.38421258846,0.117238098161897,1257,FALSE,15,0.426917510853835,1066804252,35.135593220339,16.4676852170716,96.2536387681383,0.155838264318847,709,FALSE
