"","snv.ncalls","snv.callable.sens","snv.callable.bp","snv.callable.burden","snv.rate.per.gb","snv.burden","snv.somatic.sens","snv.pre.genotyping.burden","snv.unsupported.filters","indel.ncalls","indel.callable.sens","indel.callable.bp","indel.callable.burden","indel.rate.per.gb","indel.burden","indel.somatic.sens","indel.pre.genotyping.burden","indel.unsupported.filters"
"1",87,0.106424717999019,598021356,817.479262672811,683.486680258966,3994.98042118755,0.0217773282538737,1603,FALSE,0,0,526520206,NA,NA,NA,NA,639,FALSE
"2",453,0.39782947595635,1275389745,1138.67882441598,446.404257553434,2609.23339162225,0.173614212302547,1603,FALSE,23,0.285244431155629,1111744429,80.6325995807128,36.2639998354841,211.963120161781,0.10850944250323,639,FALSE
"4",143,0.430935889175258,722809892,331.835903186618,229.545767745676,1341.69527277838,0.10658157847115,1603,FALSE,6,0.400985792983473,957956358,14.9631236442516,7.80991927204873,45.6489870015733,0.131437746905385,639,FALSE
