"","snv.ncalls","snv.callable.sens","snv.callable.bp","snv.callable.burden","snv.rate.per.gb","snv.burden","snv.somatic.sens","snv.pre.genotyping.burden","snv.unsupported.filters","indel.ncalls","indel.callable.sens","indel.callable.bp","indel.callable.burden","indel.rate.per.gb","indel.burden","indel.somatic.sens","indel.pre.genotyping.burden","indel.unsupported.filters"
"1",146,0.238863529041398,573544976,611.227677100494,532.850694084446,3114.51291117628,0.0468773140981648,1526,FALSE,3,0.106897581367572,321611127,28.0642458100559,43.6307133895524,255.021569239163,0.0117637108459111,746,FALSE
"2",367,0.389886811023622,1276157289,941.298832439255,368.802043663779,2155.64836343631,0.170250401793253,1526,FALSE,8,0.310431814809319,1166505434,25.7705544933078,11.0460499120606,64.5641742622148,0.123907725784729,746,FALSE
"4",179,0.48744062474841,746518728,367.224213394995,245.957803616546,1437.62364105486,0.124511029791259,1526,FALSE,10,0.466724537037037,1108104432,21.4259144451333,9.66782273691569,56.5084348605832,0.176964731454195,746,FALSE
