"","snv.ncalls","snv.callable.sens","snv.callable.bp","snv.callable.burden","snv.rate.per.gb","snv.burden","snv.somatic.sens","snv.pre.genotyping.burden","snv.unsupported.filters","indel.ncalls","indel.callable.sens","indel.callable.bp","indel.callable.burden","indel.rate.per.gb","indel.burden","indel.somatic.sens","indel.pre.genotyping.burden","indel.unsupported.filters"
"1",148,0.265759075907591,544722252,556.89537410742,511.173696377122,2987.81083499525,0.049534595117778,1626,FALSE,1,0.153188892279524,313572521,6.52788844621514,10.4088974783207,60.8400175644743,0.0164365501528704,872,FALSE
"2",434,0.428420822310186,1316358447,1013.02265762838,384.782222477879,2249.05252672624,0.19297014847036,1626,FALSE,26,0.373784293801713,1191458508,69.5588349514563,29.1906241318545,170.619231152857,0.152386104569342,872,FALSE
"4",265,0.548646998982706,735140294,483.006378402433,328.513062298849,1920.15922167059,0.138009388497191,1626,FALSE,19,0.497799941331769,1091189964,38.1679434295816,17.4891378627001,102.224030640165,0.185866277048703,872,FALSE
