"","snv.ncalls","snv.callable.sens","snv.callable.bp","snv.callable.burden","snv.rate.per.gb","snv.burden","snv.somatic.sens","snv.pre.genotyping.burden","snv.unsupported.filters","indel.ncalls","indel.callable.sens","indel.callable.bp","indel.callable.burden","indel.rate.per.gb","indel.burden","indel.somatic.sens","indel.pre.genotyping.burden","indel.unsupported.filters"
"1",19,0.229332679498182,572058033,82.8490734141126,72.4131719465887,423.255072144348,0.0448901885658211,608,FALSE,0,0.110085695451549,304600999,0,0,0,NA,721,FALSE
"2",82,0.399306051637922,1310543921,205.356266612145,78.3477239188784,457.942535152163,0.179061768028937,608,FALSE,4,0.353320627473977,1224585345,11.3211618257261,4.62244704787241,27.0182082366692,0.148048307458493,721,FALSE
"4",55,0.55136687055299,710774771,99.7520941815712,70.1713807604823,410.151800119365,0.134096692941476,608,FALSE,6,0.4905206139031,1064190381,12.2319018404908,5.74704585705647,33.5914895516451,0.178616669879296,721,FALSE
