"","snv.ncalls","snv.callable.sens","snv.callable.bp","snv.callable.burden","snv.rate.per.gb","snv.burden","snv.somatic.sens","snv.pre.genotyping.burden","snv.unsupported.filters","indel.ncalls","indel.callable.sens","indel.callable.bp","indel.callable.burden","indel.rate.per.gb","indel.burden","indel.somatic.sens","indel.pre.genotyping.burden","indel.unsupported.filters"
"1",46,0.292061760510196,552292319,157.500933773883,142.588379699957,833.429241041469,0.0551936478044825,737,FALSE,6,0.196136214800262,283236872,30.5909849749583,54.0024763706582,315.644535625305,0.0190087244441401,966,FALSE
"2",60,0.448186423505572,1323540454,133.872863730898,50.5737710269103,295.603749002947,0.202974421678941,737,FALSE,8,0.410880141530296,1202853936,19.470398277718,8.09341753599166,47.3060346758067,0.169111616621956,966,FALSE
"4",37,0.545339793965552,717543952,67.8476069588591,47.2776662459132,276.338012820236,0.133893993165788,737,FALSE,2,0.521164021164021,1107285917,3.83756345177665,1.73286925845398,10.1286227807373,0.197460211846731,966,FALSE
